<?xml version="1.0" encoding="UTF-8"?>
<GenRun Id="synth_1" LaunchPart="xc7z020clg484-1" LaunchTime="1761809399">
  <File Type="PA-TCL" Name="carry_save_multiplier_4bit.tcl"/>
  <File Type="RDS-PROPCONSTRS" Name="carry_save_multiplier_4bit_drc_synth.rpt"/>
  <File Type="REPORTS-TCL" Name="carry_save_multiplier_4bit_reports.tcl"/>
  <File Type="RDS-RDS" Name="carry_save_multiplier_4bit.vds"/>
  <File Type="RDS-UTIL" Name="carry_save_multiplier_4bit_utilization_synth.rpt"/>
  <File Type="RDS-UTIL-PB" Name="carry_save_multiplier_4bit_utilization_synth.pb"/>
  <File Type="RDS-DCP" Name="carry_save_multiplier_4bit.dcp"/>
  <File Type="VDS-TIMINGSUMMARY" Name="carry_save_multiplier_4bit_timing_summary_synth.rpt"/>
  <File Type="VDS-TIMING-PB" Name="carry_save_multiplier_4bit_timing_summary_synth.pb"/>
  <FileSet Name="sources" Type="DesignSrcs" RelSrcDir="$PSRCDIR/sources_1">
    <Filter Type="Srcs"/>
    <File Path="$PSRCDIR/sources_1/new/csm.v">
      <FileInfo>
        <Attr Name="UsedIn" Val="synthesis"/>
        <Attr Name="UsedIn" Val="implementation"/>
        <Attr Name="UsedIn" Val="simulation"/>
      </FileInfo>
    </File>
    <Config>
      <Option Name="DesignMode" Val="RTL"/>
      <Option Name="TopModule" Val="carry_save_multiplier_4bit"/>
      <Option Name="TopAutoSet" Val="TRUE"/>
    </Config>
  </FileSet>
  <FileSet Name="constrs_in" Type="Constrs" RelSrcDir="$PSRCDIR/constrs_1">
    <Filter Type="Constrs"/>
    <File Path="$PSRCDIR/constrs_1/new/CSM.xdc">
      <FileInfo>
        <Attr Name="UsedIn" Val="synthesis"/>
        <Attr Name="UsedIn" Val="implementation"/>
      </FileInfo>
    </File>
    <Config>
      <Option Name="ConstrsType" Val="XDC"/>
    </Config>
  </FileSet>
  <Strategy Version="1" Minor="2">
    <StratHandle Name="Vivado Synthesis Defaults" Flow="Vivado Synthesis 2018">
      <Desc>Vivado Synthesis Defaults</Desc>
    </StratHandle>
    <Step Id="synth_design"/>
  </Strategy>
</GenRun>
